-- MySQL dump 10.13  Distrib 8.0.41, for Win64 (x86_64)
--
-- Host: localhost    Database: fur_ever_match
-- ------------------------------------------------------
-- Server version	8.0.41

/*!40101 SET @OLD_CHARACTER_SET_CLIENT=@@CHARACTER_SET_CLIENT */;
/*!40101 SET @OLD_CHARACTER_SET_RESULTS=@@CHARACTER_SET_RESULTS */;
/*!40101 SET @OLD_COLLATION_CONNECTION=@@COLLATION_CONNECTION */;
/*!50503 SET NAMES utf8 */;
/*!40103 SET @OLD_TIME_ZONE=@@TIME_ZONE */;
/*!40103 SET TIME_ZONE='+00:00' */;
/*!40014 SET @OLD_UNIQUE_CHECKS=@@UNIQUE_CHECKS, UNIQUE_CHECKS=0 */;
/*!40014 SET @OLD_FOREIGN_KEY_CHECKS=@@FOREIGN_KEY_CHECKS, FOREIGN_KEY_CHECKS=0 */;
/*!40101 SET @OLD_SQL_MODE=@@SQL_MODE, SQL_MODE='NO_AUTO_VALUE_ON_ZERO' */;
/*!40111 SET @OLD_SQL_NOTES=@@SQL_NOTES, SQL_NOTES=0 */;

--
-- Table structure for table `answers`
--

DROP TABLE IF EXISTS `answers`;
/*!40101 SET @saved_cs_client     = @@character_set_client */;
/*!50503 SET character_set_client = utf8mb4 */;
CREATE TABLE `answers` (
  `id` int NOT NULL AUTO_INCREMENT,
  `question_id` int NOT NULL,
  `text` varchar(500) NOT NULL,
  `value` varchar(45) DEFAULT NULL,
  `energy_level` varchar(50) DEFAULT NULL,
  `size` varchar(50) DEFAULT NULL,
  `grooming_needs` varchar(50) DEFAULT NULL,
  `good_with_kids` tinyint(1) DEFAULT NULL,
  `good_with_dogs` tinyint(1) DEFAULT NULL,
  `good_with_cats` tinyint(1) DEFAULT NULL,
  `shedding` varchar(50) DEFAULT NULL,
  `training_needs` varchar(50) DEFAULT NULL,
  `recommended_size` varchar(50) DEFAULT NULL,
  `recommended_energy_level` varchar(50) DEFAULT NULL,
  `training_needed` tinyint(1) DEFAULT NULL,
  `coat_length` varchar(50) DEFAULT NULL,
  PRIMARY KEY (`id`),
  KEY `question_id` (`question_id`),
  CONSTRAINT `answers_ibfk_1` FOREIGN KEY (`question_id`) REFERENCES `questions` (`id`) ON DELETE CASCADE
) ENGINE=InnoDB AUTO_INCREMENT=61 DEFAULT CHARSET=utf8mb4 COLLATE=utf8mb4_0900_ai_ci;
/*!40101 SET character_set_client = @saved_cs_client */;

--
-- Dumping data for table `answers`
--

LOCK TABLES `answers` WRITE;
/*!40000 ALTER TABLE `answers` DISABLE KEYS */;
INSERT INTO `answers` VALUES (1,1,'Small (0-20 lbs)','small',NULL,'Small',NULL,NULL,NULL,NULL,NULL,NULL,NULL,NULL,NULL,NULL),(2,1,'Medium (20-50 lbs)','medium',NULL,'Medium',NULL,NULL,NULL,NULL,NULL,NULL,NULL,NULL,NULL,NULL),(3,1,'Large (50+ lbs)','large',NULL,'Large',NULL,NULL,NULL,NULL,NULL,NULL,NULL,NULL,NULL,NULL),(7,3,'Minimal grooming (short hair)','minimal',NULL,NULL,'Minimal',NULL,NULL,NULL,NULL,NULL,NULL,NULL,NULL,NULL),(8,3,'Moderate grooming (brushing weekly)','Moderate Grooming',NULL,NULL,'Moderate',NULL,NULL,NULL,NULL,NULL,NULL,NULL,NULL,NULL),(9,3,'High maintenance (daily brushing, grooming salon)','high',NULL,NULL,'High',NULL,NULL,NULL,NULL,NULL,NULL,NULL,NULL,NULL),(15,5,'Less than 1 hour per day','low',NULL,NULL,NULL,NULL,NULL,NULL,NULL,NULL,NULL,'Low',NULL,NULL),(16,5,'1-2 hours per day','medium',NULL,NULL,NULL,NULL,NULL,NULL,NULL,NULL,NULL,'Medium',NULL,NULL),(17,5,'More than 2 hours per day','high',NULL,NULL,NULL,NULL,NULL,NULL,NULL,NULL,NULL,'High',NULL,NULL),(21,2,'Low Energy (Relaxed, chill, couch potato)','low','Low',NULL,NULL,NULL,NULL,NULL,NULL,NULL,NULL,NULL,NULL,NULL),(22,2,'Medium Energy (Loves walks, but also naps)','medium','Medium',NULL,NULL,NULL,NULL,NULL,NULL,NULL,NULL,NULL,NULL,NULL),(23,2,'High Energy (Always active, needs exercise)','high','High',NULL,NULL,NULL,NULL,NULL,NULL,NULL,NULL,NULL,NULL,NULL),(38,4,'Low shedding (short-haired breeds)','minimal',NULL,NULL,NULL,NULL,NULL,NULL,'Low',NULL,NULL,NULL,NULL,NULL),(39,4,'Moderate shedding (some brushing required)','Moderate Grooming',NULL,NULL,NULL,NULL,NULL,NULL,'Moderate',NULL,NULL,NULL,NULL,NULL),(40,4,'High shedding (daily brushing needed)','high',NULL,NULL,NULL,NULL,NULL,NULL,'High',NULL,NULL,NULL,NULL,NULL),(41,6,'Apartment or Small Condo','small',NULL,NULL,NULL,NULL,NULL,NULL,NULL,NULL,'Small',NULL,NULL,NULL),(42,6,'Big Condo or Small House with a small yard','medium',NULL,NULL,NULL,NULL,NULL,NULL,NULL,NULL,'Medium',NULL,NULL,NULL),(43,6,'Bigger House with a large yard','large',NULL,NULL,NULL,NULL,NULL,NULL,NULL,NULL,'Large',NULL,NULL,NULL),(44,7,'Yes, I have one or more dogs','1',NULL,NULL,NULL,NULL,1,NULL,NULL,NULL,NULL,NULL,NULL,NULL),(45,7,'No, but I have dogs over often or want more than one dog','1',NULL,NULL,NULL,NULL,1,NULL,NULL,NULL,NULL,NULL,NULL,NULL),(46,7,'No, and I am new to dog ownership and will only be lookign for one!','0',NULL,NULL,NULL,NULL,0,NULL,NULL,NULL,NULL,NULL,NULL,NULL),(47,8,'Yes, I have one or more cats','1',NULL,NULL,NULL,NULL,NULL,1,NULL,NULL,NULL,NULL,NULL,NULL),(48,8,'No, but I don’t mind dogs who like cats','1',NULL,NULL,NULL,NULL,NULL,1,NULL,NULL,NULL,NULL,NULL,NULL),(49,8,'No, and I prefer dogs that don’t like cats','0',NULL,NULL,NULL,NULL,NULL,0,NULL,NULL,NULL,NULL,NULL,NULL),(50,9,'Yes, young children (under 5)','1',NULL,NULL,NULL,1,NULL,NULL,NULL,NULL,NULL,NULL,NULL,NULL),(51,9,'Yes, older children (5+)','1',NULL,NULL,NULL,1,NULL,NULL,NULL,NULL,NULL,NULL,NULL,NULL),(52,9,'No, but I have kids visit sometimes','1',NULL,NULL,NULL,1,NULL,NULL,NULL,NULL,NULL,NULL,NULL,NULL),(53,9,'No children in my household','0',NULL,NULL,NULL,0,NULL,NULL,NULL,NULL,NULL,NULL,NULL,NULL),(54,10,'Yes, I am comfortable with house training','1',NULL,NULL,NULL,NULL,NULL,NULL,NULL,NULL,NULL,NULL,1,NULL),(55,10,'Maybe, I prefer a partially trained pet','1',NULL,NULL,NULL,NULL,NULL,NULL,NULL,NULL,NULL,NULL,1,NULL),(56,10,'No, I need a fully trained pet','0',NULL,NULL,NULL,NULL,NULL,NULL,NULL,NULL,NULL,NULL,0,NULL);
/*!40000 ALTER TABLE `answers` ENABLE KEYS */;
UNLOCK TABLES;

--
-- Table structure for table `pets`
--

DROP TABLE IF EXISTS `pets`;
/*!40101 SET @saved_cs_client     = @@character_set_client */;
/*!50503 SET character_set_client = utf8mb4 */;
CREATE TABLE `pets` (
  `id` int NOT NULL,
  `name` varchar(255) NOT NULL,
  `breed` varchar(255) DEFAULT NULL,
  `size` varchar(50) DEFAULT NULL,
  `age` varchar(50) DEFAULT NULL,
  `gender` varchar(50) DEFAULT NULL,
  `energy_level` varchar(50) DEFAULT NULL,
  `grooming_needs` varchar(50) DEFAULT NULL,
  `location` varchar(255) DEFAULT NULL,
  `image_url` text,
  `coat_length` varchar(50) DEFAULT NULL,
  `good_with_kids` tinyint(1) DEFAULT NULL,
  `good_with_dogs` tinyint(1) DEFAULT NULL,
  `good_with_cats` tinyint(1) DEFAULT NULL,
  `training_needs` varchar(255) DEFAULT NULL,
  `shedding` varchar(50) DEFAULT NULL,
  PRIMARY KEY (`id`)
) ENGINE=InnoDB DEFAULT CHARSET=utf8mb4 COLLATE=utf8mb4_0900_ai_ci;
/*!40101 SET character_set_client = @saved_cs_client */;

--
-- Dumping data for table `pets`
--

LOCK TABLES `pets` WRITE;
/*!40000 ALTER TABLE `pets` DISABLE KEYS */;
INSERT INTO `pets` VALUES (75299144,'Velma','Australian Cattle Dog / Blue Heeler','Medium','Adult','Female','Moderate','Moderate Grooming','Hamilton','https://dbw3zep4prcju.cloudfront.net/animal/5cf75a0a-c7c6-45b2-871b-51e8572eaa08/image/626ed365-2883-4beb-837a-3bee20ca411a.jpg?versionId=TVdRD2fYfgNgKMQ47yViK25S3x.pTXsK&bust=1740350539','Unknown',NULL,NULL,0,'No',NULL),(75299186,'Charlie in NH! Indigo: female, collie mix, 3 months old   Come meet our adoptable dogs Wednesday 2-7','Beagle','Medium','Adult','Male','Moderate','Moderate Grooming','Manchester','https://dbw3zep4prcju.cloudfront.net/animal/87b590ca-d0db-4bad-af21-61e5631531d7/image/8c70132c-883c-4e81-b597-a47cc483246f.jpg?versionId=fKrNVmf81JfcFnYIE2dn5okUZCfvtBd_&bust=1740350912','Short',NULL,1,1,'No',NULL),(75299206,'Belinda','Anatolian Shepherd','Large','Young','Female','Moderate','Moderate Grooming','St. Cloud','https://dbw3zep4prcju.cloudfront.net/animal/f63b5013-149f-4963-9315-97051302868b/image/c3682b25-770a-4a2e-a084-7eacb1dcf365.jpg?versionId=6fiEBZmlv_uAO0iRSVsHXYcQAwJQywfv&bust=1740350859','Short',NULL,NULL,NULL,'No',NULL),(75299215,'DJ\'s Mable','Great Dane','Large','Baby','Female','Moderate','Moderate Grooming','AUSTIN','https://dbw3zep4prcju.cloudfront.net/animal/5f8caa48-1892-4a58-bc8a-24fd82217a45/image/c592a26f-1225-4bee-876e-c98dd355db12.jpg?versionId=wls0GhZpySPbRZl4xoeWxfapjJvbKIty&bust=1740351020','Short',1,1,1,'No',NULL),(75299259,'Earl','German Shorthaired Pointer','Medium','Baby','Male','Moderate','Moderate Grooming','Mt Pleasant','https://dbw3zep4prcju.cloudfront.net/animal/4e6ad361-9872-4dc9-adcd-7e1eeab7e837/image/4756d611-410f-4836-8df0-bac3e6f2bf8c.jpg?versionId=JaTjuKfLuCU113WD.rTRetTkouec579F&bust=1740351308','Short',1,1,1,'No',NULL),(75299283,'Joshua','Pug','Small','Young','Male','Moderate','Moderate Grooming','Alvin','https://dbw3zep4prcju.cloudfront.net/animal/41f8b12f-a516-4e3b-9e18-3484e2c3809c/image/2b837fc9-fc6f-4816-abaf-043f3c58ebce.jpg?versionId=fgpD5buTFW_eVQnRwyCQ2sRNE6lFKz7V&bust=1740351199','Short',NULL,NULL,NULL,'No',NULL),(75299287,'Gemma','Shih Tzu','Small','Young','Female','Moderate','Moderate Grooming','Mary Esther','https://dbw3zep4prcju.cloudfront.net/animal/4182e7df-a50e-4966-845a-1696e2685641/image/48bf1b90-394b-4f25-9cff-d243165159db.jpg?versionId=8BhdhYRxV8jioYV1O2xuE8bMBbKpTnuI&bust=1740351684','Unknown',NULL,1,NULL,'No',NULL),(75299288,'Crissy','Anatolian Shepherd','Large','Young','Female','Moderate','Moderate Grooming','St. Cloud','https://dbw3zep4prcju.cloudfront.net/animal/b569bb2e-6fd9-46e5-bd6f-474c814901b6/image/b73abd0e-b4c8-4266-9fbb-6cbb7b029bd8.jpg?versionId=lUwcPVwPRrtzz.8aUpxOz0M0Lm9ll9ju&bust=1740351244','Short',NULL,NULL,NULL,'No',NULL),(75299292,'Jax','Yorkshire Terrier','Small','Young','Female','Moderate','Moderate Grooming','Mary Esther','https://dbw3zep4prcju.cloudfront.net/animal/bca07af3-cb43-4ea3-9252-feaa64c12dbf/image/525a7e60-c9e8-4b5d-9a50-d00ab062bb26.jpg?versionId=adevtwXRLUEiKH24Ng2MlyeEsKmPiGDJ&bust=1740351336','Medium',NULL,1,NULL,'No',NULL),(75299299,'Jackson','Terrier','Medium','Young','Male','Moderate','Moderate Grooming','LIVERPOOL','https://dbw3zep4prcju.cloudfront.net/animal/b81e1a5b-c024-4b87-a4b7-4aa013eb5262/image/ca3535fb-0d51-4704-8b7f-991cf5dad519.jpg?versionId=BKCHV8oU22DsXlnyzvNQzIokJJwR80SF&bust=1740353567','Medium',1,1,1,'Yes',NULL),(75299303,'Salt','Maltese','Small','Baby','Female','Moderate','Moderate Grooming','Windsor','https://dl5zpyw5k3jeb.cloudfront.net/photos/pets/75299303/1/?bust=1740351435','Unknown',1,1,NULL,'Yes',NULL),(75299304,'Chloe','Poodle','Small','Young','Female','Moderate','Moderate Grooming','Windsor','https://dl5zpyw5k3jeb.cloudfront.net/photos/pets/75299304/1/?bust=1740351463','Unknown',1,1,NULL,'Yes',NULL),(75299305,'Sugar','Maltese','Small','Baby','Female','Moderate','Moderate Grooming','Windsor','https://dl5zpyw5k3jeb.cloudfront.net/photos/pets/75299305/1/?bust=1740351462','Unknown',1,1,NULL,'Yes',NULL),(75299306,'Hairy','Norwich Terrier','Small','Adult','Male','Moderate','Moderate Grooming','Cincinnati','https://dbw3zep4prcju.cloudfront.net/animal/80185d64-678c-47cd-8569-b9f14e18ad01/image/b5fd69b4-de5b-4641-b445-da0ae0280f01.jpg?versionId=75BOD3owIwq8.ZMMiL4f1Q5PxJBy2pIR&bust=1740351535','Unknown',1,1,NULL,'No',NULL),(75299309,'Cooper','Chihuahua','Small','Baby','Male','Moderate','Moderate Grooming','Jefferson Hills','https://dl5zpyw5k3jeb.cloudfront.net/photos/pets/75299309/1/?bust=1740351463','Unknown',NULL,1,NULL,'Yes',NULL),(75299310,'Bob','Great Pyrenees','Large','Baby','Male','Moderate','Moderate Grooming','Jefferson Hills','https://dl5zpyw5k3jeb.cloudfront.net/photos/pets/75299310/1/?bust=1740351453','Unknown',NULL,1,NULL,'No',NULL),(75299311,'Annabelle','Chihuahua','Small','Young','Female','Moderate','Moderate Grooming','Jefferson Hills','https://dl5zpyw5k3jeb.cloudfront.net/photos/pets/75299311/1/?bust=1740351465','Unknown',NULL,1,NULL,'Yes',NULL),(75299312,'Mika','Husky','Medium','Baby','Female','Moderate','Moderate Grooming','Jefferson Hills','https://dl5zpyw5k3jeb.cloudfront.net/photos/pets/75299312/1/?bust=1740351458','Unknown',NULL,1,1,'Yes',NULL),(75299313,'Rosemary','Chihuahua','Small','Baby','Female','Moderate','Moderate Grooming','Jefferson Hills','https://dl5zpyw5k3jeb.cloudfront.net/photos/pets/75299313/1/?bust=1740351450','Unknown',NULL,1,NULL,'Yes',NULL),(75299314,'Chamomile','Chihuahua','Small','Baby','Female','Moderate','Moderate Grooming','Jefferson Hills','https://dl5zpyw5k3jeb.cloudfront.net/photos/pets/75299314/1/?bust=1740351453','Unknown',NULL,1,NULL,'Yes',NULL),(75299318,'Nava','Husky','Medium','Baby','Male','Moderate','Moderate Grooming','Lodi','https://dbw3zep4prcju.cloudfront.net/animal/24c4310a-565a-44ea-8119-c09ad4598ba1/image/76963914-146e-4b2e-b0c6-2d6cb6be6964.jpg?versionId=djhlhdDNb8zFQ8_3Gbnbeb1JPZPLcPih&bust=1740351393','Medium',1,1,1,'Yes',NULL),(75299319,'Johnny Appleseed','Pit Bull Terrier','Large','Adult','Male','Moderate','Moderate Grooming','Fishers','https://dl5zpyw5k3jeb.cloudfront.net/photos/pets/75299319/1/?bust=1740351491','Unknown',NULL,NULL,NULL,'No',NULL),(75299324,'Cheech','Mountain Cur','Medium','Adult','Male','Moderate','Moderate Grooming','Houston','https://dbw3zep4prcju.cloudfront.net/animal/4f681614-e6d6-4de7-a6e5-d96680df3536/image/41d97038-000c-4d0b-a4ac-4778d079cb6b.jpeg?versionId=VGyOFPQ8PuhZl9L8MqUwa5pvTIsBrhBr&bust=1740351403','Short',NULL,1,1,'Yes',NULL),(75299326,'Dylan','Chocolate Labrador Retriever','Medium','Baby','Male','Moderate','Moderate Grooming','Momence','https://dbw3zep4prcju.cloudfront.net/animal/82bdcd9a-f135-4465-a4e2-2222084b7431/image/5315b1e1-f27a-4729-af09-aa6e6beb727a.jpg?versionId=Xi.LemJZE7ggJ1bQL6o54yml8LY3MttT&bust=1740351451','Short',1,1,1,'No',NULL),(75299328,'Saturn','Chocolate Labrador Retriever','Medium','Baby','Male','Moderate','Moderate Grooming','Orange','https://dl5zpyw5k3jeb.cloudfront.net/photos/pets/75299328/1/?bust=1740351525','Unknown',1,1,1,'Yes',NULL),(75299329,'Emmy Lou','Black Labrador Retriever','Medium','Young','Female','Moderate','Moderate Grooming','Orange','https://dl5zpyw5k3jeb.cloudfront.net/photos/pets/75299329/1/?bust=1740351521','Unknown',1,1,1,'Yes',NULL),(75299342,'Fergie','Australian Shepherd','Large','Young','Female','Moderate','Moderate Grooming','Eustis','https://dbw3zep4prcju.cloudfront.net/animal/73e08da6-63b9-4cbc-a15a-7d6957ed46f4/image/3a8a286a-ebde-45d4-b371-0f178501ff04.jpg?versionId=scVRa0SYWiPK3hauSzCR2m3shSXgNi7E&bust=1740351517','Short',NULL,1,NULL,'Yes',NULL),(75299343,'Makita','Akbash','Large','Adult','Female','Moderate','Moderate Grooming','St. Cloud','https://dbw3zep4prcju.cloudfront.net/animal/9f09bfe6-2465-4001-a971-c7e10183fd35/image/333d3492-55c2-4c1b-a4c0-5e55be734c9f.jpg?versionId=Joml6Mu_9VN1pCRe3JgHm8cRknQJH6EG&bust=1740352150','Short',NULL,NULL,NULL,'Yes',NULL),(75299345,'Brooklyn','Chocolate Labrador Retriever','Medium','Baby','Female','Moderate','Moderate Grooming','Momence','https://dbw3zep4prcju.cloudfront.net/animal/b33673e6-41f7-46c6-a4be-8fb97f008b48/image/e0adeab1-5f6c-4c5b-893f-dd786e4c65e4.jpg?versionId=ByjRZ8G3PwmTRfE789aaVtRh0Yg69i3u&bust=1740351554','Short',1,1,1,'No',NULL),(75299347,'Valentina','Black Labrador Retriever','Medium','Young','Female','Moderate','Moderate Grooming','Humble','https://dbw3zep4prcju.cloudfront.net/animal/bc9aa1fe-dcc6-43fb-a874-824d13669951/image/0a11b823-d44e-4517-b026-c1aecced6826.jpg?versionId=cDUDNQlJKxcGMi67i3ydzZaj3OpCJl.O&bust=1740351626','Unknown',1,1,NULL,'Yes',NULL),(75299350,'Ellie (Hel Lyn)','Australian Shepherd','Medium','Adult','Female','Moderate','Moderate Grooming','New Albany','https://dl5zpyw5k3jeb.cloudfront.net/photos/pets/75299350/1/?bust=1740351714','Unknown',1,1,0,'Yes',NULL),(75299355,'Bruce','Black Labrador Retriever','Medium','Baby','Male','Moderate','Moderate Grooming','Momence','https://dbw3zep4prcju.cloudfront.net/animal/88b7a633-f21e-428b-943b-ea333ea86187/image/234913fd-4394-4c06-92e2-e1ec78825b96.jpg?versionId=Pv1sWZsP2Q_yQmmLfE.FpWDOGLsvGrVh&bust=1740351672','Medium',1,1,1,'No',NULL),(75299356,'Rytham','Siberian Husky','Medium','Baby','Male','Moderate','Moderate Grooming','Orange','https://dbw3zep4prcju.cloudfront.net/animal/b67f403f-3e41-43a0-8aaf-b07d026ce9c6/image/8fac4ccd-35e8-47a9-acb0-d196e90673ce.jpg?versionId=cszr6x6swnzHIK3EVcWWf_.KUWsEn2Mm&bust=1740352095','Unknown',1,1,1,'No',NULL),(75299357,'Chilly','Poodle','Small','Adult','Female','Moderate','Moderate Grooming','Pequot Lakes','https://placehold.co/300x200?text=No+Image','Unknown',NULL,NULL,NULL,'No',NULL),(75299358,'DJ\'s Sawyer','Great Dane','Large','Baby','Male','Moderate','Moderate Grooming','AUSTIN','https://dbw3zep4prcju.cloudfront.net/animal/17102973-7204-42b9-8eb1-678b1e5f4337/image/9466bbbe-e463-412a-925c-032b6c97bf3e.jpg?versionId=iHIeT7mAKBpbYxNOte9bRALgI5ExAS0E&bust=1740351708','Short',1,1,1,'No',NULL),(75299359,'Robin','Chihuahua','Small','Young','Male','Moderate','Moderate Grooming','Cheektowaga','https://dl5zpyw5k3jeb.cloudfront.net/photos/pets/75299359/1/?bust=1740351753','Unknown',1,1,1,'Yes',NULL),(75299360,'Daisy','Australian Cattle Dog / Blue Heeler','Medium','Baby','Female','Moderate','Moderate Grooming','Cheektowaga','https://dl5zpyw5k3jeb.cloudfront.net/photos/pets/75299360/1/?bust=1740351754','Unknown',1,1,1,'No',NULL),(75299361,'Sweet Pea','Labrador Retriever','Medium','Baby','Female','Moderate','Moderate Grooming','Cheektowaga','https://dl5zpyw5k3jeb.cloudfront.net/photos/pets/75299361/1/?bust=1740351757','Unknown',1,1,1,'No',NULL),(75299362,'Batman','Chihuahua','Small','Young','Male','Moderate','Moderate Grooming','Cheektowaga','https://dl5zpyw5k3jeb.cloudfront.net/photos/pets/75299362/1/?bust=1740351749','Unknown',1,1,1,'Yes',NULL),(75299363,'Ms. King','Mixed Breed','Small','Young','Female','Moderate','Moderate Grooming','Atlanta','https://dl5zpyw5k3jeb.cloudfront.net/photos/pets/75299363/1/?bust=1740351826','Unknown',NULL,NULL,NULL,'No',NULL),(75299364,'Terry Trout','Mixed Breed','Small','Baby','Male','Moderate','Moderate Grooming','Atlanta','https://dl5zpyw5k3jeb.cloudfront.net/photos/pets/75299364/1/?bust=1740351823','Unknown',NULL,NULL,NULL,'No',NULL),(75299365,'Sugar','American Staffordshire Terrier','Medium','Young','Male','Moderate','Moderate Grooming','Wabash','https://dl5zpyw5k3jeb.cloudfront.net/photos/pets/75299365/1/?bust=1740351788','Unknown',NULL,NULL,NULL,'No',NULL),(75299367,'Eden','Collie','Medium','Young','Female','Moderate','Moderate Grooming','Russellville','https://dl5zpyw5k3jeb.cloudfront.net/photos/pets/75299367/1/?bust=1740351804','Unknown',NULL,NULL,NULL,'No',NULL),(75299368,'Maple','Australian Shepherd','Medium','Baby','Male','Moderate','Moderate Grooming','Russellville','https://dl5zpyw5k3jeb.cloudfront.net/photos/pets/75299368/1/?bust=1740351803','Unknown',NULL,NULL,NULL,'No',NULL),(75299369,'Frankie','Labrador Retriever','Medium','Young','Male','Moderate','Moderate Grooming','Russellville','https://dl5zpyw5k3jeb.cloudfront.net/photos/pets/75299369/1/?bust=1740351799','Unknown',NULL,NULL,NULL,'No',NULL),(75299370,'Bush','Australian Shepherd','Medium','Baby','Male','Moderate','Moderate Grooming','Russellville','https://dl5zpyw5k3jeb.cloudfront.net/photos/pets/75299370/1/?bust=1740351799','Unknown',NULL,NULL,NULL,'No',NULL),(75299372,'Oakley the Wolf','Dachshund','Small','Adult','Female','Moderate','Moderate Grooming','Mason','https://dl5zpyw5k3jeb.cloudfront.net/photos/pets/75299372/1/?bust=1740351813','Unknown',NULL,NULL,NULL,'No',NULL),(75299373,'Zeke the Zebra','Dutch Shepherd','Medium','Baby','Male','Moderate','Moderate Grooming','Mason','https://dl5zpyw5k3jeb.cloudfront.net/photos/pets/75299373/1/?bust=1740351807','Unknown',NULL,NULL,NULL,'No',NULL),(75299375,'Otto in NH! Come Meet our Adoptable Dogs Wednesday-Saturday. More info in Bio!','Hound','Medium','Adult','Male','Moderate','Moderate Grooming','Manchester','https://dbw3zep4prcju.cloudfront.net/animal/325c25d4-4199-4063-9e74-055e694fcb23/image/cc472c15-7566-4d1a-b5fe-9a5a25290b00.jpg?versionId=.ntXyDxwI3Kz6im_z0S_.bvmcjpy4uCu&bust=1740351769','Short',NULL,NULL,NULL,'No',NULL),(75299376,'Grace','Black Labrador Retriever','Medium','Baby','Female','Moderate','Moderate Grooming','Momence','https://dbw3zep4prcju.cloudfront.net/animal/da38c980-9678-43ef-8b47-cb6f461a36f1/image/a12e2bef-b77b-4bd1-b2d4-3a9df12cc350.jpg?versionId=K61N.JoeaYXB0qkXmeMURXG.KOAycHEr&bust=1740351777','Short',1,1,1,'No',NULL),(75299378,'Sam','Shepherd','Medium','Baby','Male','Moderate','Moderate Grooming','Madison','https://dl5zpyw5k3jeb.cloudfront.net/photos/pets/75299378/1/?bust=1740351856','Unknown',NULL,NULL,NULL,'No',NULL),(75299379,'Chai - Available in Foster','Labrador Retriever','Medium','Baby','Female','Moderate','Moderate Grooming','Madison','https://dl5zpyw5k3jeb.cloudfront.net/photos/pets/75299379/1/?bust=1740351849','Unknown',NULL,NULL,NULL,'No',NULL),(75299383,'Flame','Husky','Medium','Baby','Male','Moderate','Moderate Grooming','Lodi','https://dbw3zep4prcju.cloudfront.net/animal/97eb070b-430f-4f16-97b5-2bb8301c5bd0/image/edaa80a3-96ac-4719-904d-e7bba1d4c0c3.jpg?versionId=53PxoN_giob9F7E0qnOBSH4Hf_SxkBIm&bust=1740351803','Unknown',1,1,1,'Yes',NULL),(75299388,'Monty','Black Labrador Retriever','Medium','Baby','Male','Moderate','Moderate Grooming','Momence','https://dbw3zep4prcju.cloudfront.net/animal/a9fda5e1-bce5-4296-9137-689853deaa3a/image/c1848114-83b4-4c31-9031-42b4354df898.jpg?versionId=uqOD7EQWiBXYpc.CrA0AtmX_gUgsd64x&bust=1740351855','Short',1,1,1,'No',NULL),(75299392,'Ernie','German Shorthaired Pointer','Medium','Baby','Male','Moderate','Moderate Grooming','Mt Pleasant','https://dbw3zep4prcju.cloudfront.net/animal/acb80688-1dd4-44f2-b1df-4a73a816c004/image/4e343207-d494-42f8-bdcb-b059aff5c8aa.jpg?versionId=2ALGi1Q8QKh4xiZEeAA9RFGfsVnxbY4D&bust=1740351942','Short',1,1,NULL,'No',NULL),(75299395,'Summer','Black Labrador Retriever','Medium','Baby','Female','Moderate','Moderate Grooming','Momence','https://dbw3zep4prcju.cloudfront.net/animal/0202edd7-49ea-4c26-9a18-4ab9726150c0/image/bfa3b2a1-0fcd-46a9-97be-23ebee2f5268.jpg?versionId=B9ZAKBkXP6Z3THu2AMU.ok0fTsamBXaN&bust=1740351935','Short',1,1,1,'No',NULL),(75299396,'Prophet','Schnauzer','Small','Baby','Female','Moderate','Moderate Grooming','Kiowa','https://dbw3zep4prcju.cloudfront.net/animal/3af517af-8e22-4dd0-a6a3-e9de121a013f/image/3792b569-55bc-4c2f-8a14-cef0ecfd7d62.jpg?versionId=OcDA_qrTcwpnM5jicNT2Z0UTjr_C_ofs&bust=1740351936','Curly',1,1,1,'No',NULL),(75299401,'Fern','German Shepherd Dog','Medium','Young','Female','Moderate','Moderate Grooming','Lodi','https://dbw3zep4prcju.cloudfront.net/animal/60e221c4-ac07-48de-aab5-35058d5a969e/image/81deb749-b5f7-465e-be0e-1f7b5e145fa8.jpg?versionId=p35BOfdNNOvBcKrdJWfLEl3Xk0Jt0RRv&bust=1740352064','Medium',1,1,1,'Yes',NULL),(75299405,'Sara','Labrador Retriever','Medium','Adult','Female','Moderate','Moderate Grooming','Conway','https://dbw3zep4prcju.cloudfront.net/animal/638da9c0-3fb9-43fe-a206-0625b95366ea/image/1c8ba7de-3a90-4d32-a6cd-44db3e5baa3e.jpeg?versionId=qDh_Vz725l5RmJi5lRn.omHDXX5_lc6d&bust=1740352110','Unknown',1,1,NULL,'Yes',NULL),(75299406,'Sasha','Great Pyrenees','Medium','Baby','Female','Moderate','Moderate Grooming','Boerne','https://dbw3zep4prcju.cloudfront.net/animal/407c2ca8-4b90-4270-a67b-0256372dc952/image/37778d7c-d4a5-4f3b-8494-09aa01f160a1.jpg?versionId=pHA6UU7lFiU5wf7mPuFkvRgfAb.oIMX8&bust=1740352180','Short',1,1,1,'No',NULL),(75299413,'Louise','Miniature Schnauzer','Small','Baby','Female','Moderate','Moderate Grooming','San Diego','https://dbw3zep4prcju.cloudfront.net/animal/5dad678f-a43f-459f-8ffa-731aa994a5b8/image/b20b00e5-8b31-45ac-a8d0-09ed9f9febb5.jpg?versionId=hdTV25X9JMQMvUQ8NRK2SpVEAI7VB7it&bust=1740352227','Wire',1,1,1,'No',NULL),(75299416,'Mia','Terrier','Small','Adult','Female','Moderate','Moderate Grooming','Fort Worth','https://dl5zpyw5k3jeb.cloudfront.net/photos/pets/75299416/1/?bust=1740352315','Unknown',NULL,NULL,NULL,'No',NULL),(75299417,'Jellybean','Hound','Large','Adult','Female','Moderate','Moderate Grooming','Fort Worth','https://dl5zpyw5k3jeb.cloudfront.net/photos/pets/75299417/1/?bust=1740352317','Unknown',NULL,NULL,NULL,'No',NULL),(75299419,'Gordon','Black Labrador Retriever','Medium','Adult','Male','Moderate','Moderate Grooming','Lake Wylie','https://dbw3zep4prcju.cloudfront.net/animal/7472de55-8e93-4b00-be99-1cf012871fd3/image/358a9180-03bd-4037-96e4-b92c72cee0d0.jpg?versionId=PMRgX_PGVFu1ZvieY8eRuiUsOsT480LR&bust=1740352254','Short',1,1,NULL,'Yes',NULL),(75299420,'Morrison','Mixed Breed','Medium','Young','Female','Moderate','Moderate Grooming','Harlingen','https://dbw3zep4prcju.cloudfront.net/animal/c7ec44ba-f192-4563-8825-d3f3b30a0ff3/image/d4aa9659-c5ee-4fd5-b590-e687856d12ca.jpg?versionId=pjvwWiP8BAT3M2P0yfwX3e5p4rYOYkie&bust=1740352294','Short',1,1,NULL,'No',NULL),(75299422,'DJ\'s Shadow','Great Dane','Large','Baby','Male','Moderate','Moderate Grooming','AUSTIN','https://dbw3zep4prcju.cloudfront.net/animal/447258a4-ce3a-49ba-80fc-b68893f372f0/image/5bf07a63-40f6-4876-a3f8-a55d41c9ae26.jpg?versionId=SuRzv7NVoHG4bD59aJyxcH1ymUJ9US3A&bust=1740352363','Short',1,1,1,'No',NULL),(75299433,'Penny','Cocker Spaniel','Small','Adult','Female','Moderate','Moderate Grooming','Lodi','https://dbw3zep4prcju.cloudfront.net/animal/ab2f0bb5-67a0-4ab2-9126-24bc9053030c/image/30719d1c-ccef-4501-91de-646e31df983c.jpg?versionId=tnopdeB8G1NDkN_aYgsDNDLEI2CZxk3N&bust=1740352382','Short',1,NULL,NULL,'Yes',NULL),(75299443,'Pancake','Labrador Retriever','Large','Adult','Male','Moderate','Moderate Grooming','Littleton','https://dl5zpyw5k3jeb.cloudfront.net/photos/pets/75299443/1/?bust=1740352587','Unknown',1,1,NULL,'Yes',NULL),(75299456,'Gabriella','Rat Terrier','Small','Adult','Female','Moderate','Moderate Grooming','Maiden','https://dbw3zep4prcju.cloudfront.net/animal/19c93d0d-1ccf-4080-891b-911fd6c43446/image/4a1f0c5b-5f76-4f1d-b156-1cafc33dc71a.jpg?versionId=VDwc5UskUxbDdMY28pHCGIC9Jb00Rsd0&bust=1740352663','Short',NULL,1,NULL,'Yes',NULL),(75299460,'Jacob','Labrador Retriever','Medium','Baby','Male','Moderate','Moderate Grooming','Miami','https://dbw3zep4prcju.cloudfront.net/animal/c6b967ed-5ec1-47ae-bacd-292fcc013485/image/7ac3b94d-ba53-4586-94fe-efd68957c1d4.jpg?versionId=tskbOJIZWgHoloaN5ZNgX7KfSl9ur4Ya&bust=1740352700','Short',1,1,1,'Yes',NULL),(75299472,'Silhouette','Shepherd','Medium','Adult','Female','Moderate','Moderate Grooming','Chardon','https://dbw3zep4prcju.cloudfront.net/animal/bd4230f7-53d9-4669-a4f7-f6d9f944695e/image/72c12deb-c09b-4a73-80f7-652b23204662.jpg?versionId=9zQnYIyzHCYw2vewbMBzha_hwmIfdezB&bust=1740352943','Medium',NULL,NULL,NULL,'No',NULL),(75299476,'DJ\'s Tyler','Great Dane','Large','Baby','Male','Moderate','Moderate Grooming','AUSTIN','https://dbw3zep4prcju.cloudfront.net/animal/9cc1bd96-8275-45d1-bc94-64346e9e96ff/image/298f68a0-facf-4662-886b-f62e19123072.jpg?versionId=V.6qZpgDQXSl2kQGEHGsG5F_wqo3win_&bust=1740353013','Short',1,1,1,'No',NULL),(75299481,'Jiji','Terrier','Small','Baby','Male','Moderate','Moderate Grooming','Marlborough','https://dbw3zep4prcju.cloudfront.net/animal/ee232cfd-57d0-4f9a-b371-8be34dc57d52/image/b7e51bfe-b05e-4eb9-b78f-2a9095f79aed.jpg?versionId=IU1XOBtlVyuQe04xUvoIUuTq2p6HQQ2I&bust=1740352928','Short',NULL,1,NULL,'No',NULL),(75299482,'Lori','Shiba Inu','Medium','Young','Female','Moderate','Moderate Grooming','San Diego','https://dbw3zep4prcju.cloudfront.net/animal/3b07cce2-978d-4cfa-a27b-794ad4d4a83a/image/45b67c51-e40a-4fe0-bc15-74dcaed64f84.jpeg?versionId=5Oh4twy2IMsZmcUa_28pby2wyMr8W2Cr&bust=1740352892','Short',1,1,NULL,'Yes',NULL),(75299483,'Gunner','Australian Shepherd','Medium','Adult','Male','Moderate','Moderate Grooming','Chattanooga','https://dbw3zep4prcju.cloudfront.net/animal/a21490fc-d3a6-401a-aff5-c24c61a043ba/image/cfcd3a79-73f8-4d6f-b952-a8d9d5b6eadf.jpg?versionId=B.OgbTrkmGfmLwilBDtr.8VLhzxFBxzs&bust=1740353243','Medium',0,1,NULL,'Yes',NULL),(75299485,'Walker','German Shorthaired Pointer','Medium','Young','Male','Moderate','Moderate Grooming','Eastford','https://dbw3zep4prcju.cloudfront.net/animal/26173672-3486-44e4-b1dc-d1e9cd3df6d4/image/c6886b7e-bee1-4b69-a7c7-4ab98afe69f6.jpg?versionId=LakOrS1igL_LeY9FK6P88LGcvg.wW3mD&bust=1740353003','Unknown',1,1,NULL,'No',NULL),(75299499,'Star','Great Pyrenees','Medium','Baby','Female','Moderate','Moderate Grooming','Boerne','https://dbw3zep4prcju.cloudfront.net/animal/d994d54f-3ded-4abf-be63-9837a00e7f60/image/00526e9c-75de-4b84-b03c-f29d70b418f3.jpg?versionId=0NCBgiW1JfPhT77gklZqu1mcjucKWn0I&bust=1740353062','Short',1,1,1,'No',NULL),(75299502,'Dove','Mixed Breed','Large','Adult','Female','Moderate','Moderate Grooming','Georgetown','https://dbw3zep4prcju.cloudfront.net/animal/7c01a0b4-c6b2-40a1-ac21-1f83c8e7248c/image/89057bba-2981-49b4-9b1b-8bc27c612c04.jpg?versionId=GMo2n4zOLsC0Aw17sBWdGorQFg7mk_ds&bust=1740353087','Short',NULL,NULL,NULL,'No',NULL),(75299506,'Charlie Chaplin (benefactor puppy)','Poodle','Large','Baby','Male','Moderate','Moderate Grooming','New Orleans','https://dbw3zep4prcju.cloudfront.net/animal/522ead43-a602-40a6-bed8-a32c91e300e1/image/100ef716-dc06-468b-9002-549d91367e2d.jpg?versionId=2XafjPI.Pnl32fHb5SPwhiGB3GduBTeR&bust=1740353317','Curly',1,1,NULL,'Yes',NULL),(75299511,'Turner','Cane Corso','Large','Baby','Male','Moderate','Moderate Grooming','Winter','https://dbw3zep4prcju.cloudfront.net/animal/340c12d0-6b5d-4293-82eb-3e018016529e/image/8c53d21f-19f0-4ddc-8431-9c1ab4a3c403.jpg?versionId=c9hGtDKuwACpwKN5gov._htd6yJbKAJV&bust=1740353415','Short',1,1,1,'No',NULL),(75299512,'KIA','Mixed Breed','Medium','Adult','Male','Moderate','Moderate Grooming','Pegram','https://dbw3zep4prcju.cloudfront.net/animal/e17ff64f-dc03-4230-a821-110163c829e0/image/bab03c28-803f-498e-8d23-2ac6196c6a75.jpg?versionId=gkOB3_LOrlnZX9uj.ywIuZoPbDD1xXUy&bust=1740353210','Short',1,NULL,NULL,'No',NULL),(75299517,'Macy','Shepherd','Large','Baby','Female','Moderate','Moderate Grooming','Minneapolis','https://dbw3zep4prcju.cloudfront.net/animal/f2be5739-0f5b-43da-b442-612541f1f94a/image/3a291271-8b5c-4b7e-ad7d-7d293b29a140.jpg?versionId=I0nzzFoSoeAi4HEfLIU0h74y7qzvoJOw&bust=1740353236','Unknown',1,1,NULL,'No',NULL),(75299518,'Pip','Mixed Breed','Large','Adult','Female','Moderate','Moderate Grooming','Georgetown','https://dbw3zep4prcju.cloudfront.net/animal/33254650-3c32-444c-9f49-79395f05cbf8/image/e35dd55f-8b4e-4050-af47-005580e32fb7.jpg?versionId=.rjrvpsUaK6ijOGfpSNDiWjZ1OpE8WKf&bust=1740353241','Medium',NULL,NULL,NULL,'No',NULL),(75299519,'Troy','Tibetan Spaniel','Small','Adult','Male','Moderate','Moderate Grooming','Maiden','https://dbw3zep4prcju.cloudfront.net/animal/5cbec3e0-4bc7-4109-9f49-df2d81445fd6/image/53a73284-aeab-4ed5-82b5-f238bfedbda6.jpg?versionId=BPa04X22AwOrbVE3iFz2d9ONTI8YLTSG&bust=1740353276','Medium',NULL,1,NULL,'Yes',NULL),(75299521,'Lilly','Great Dane','Large','Adult','Female','Moderate','Moderate Grooming','Georgetown','https://dbw3zep4prcju.cloudfront.net/animal/1247e0fd-eb66-43f2-95cb-36c0919ae5af/image/d8b60fad-3d26-45b6-acb5-068210d9067f.jpg?versionId=j.MzsSVNCa8Vm5o7Rbs8F2JgdR.aPWv0&bust=1740353436','Short',1,1,1,'Yes',NULL),(75299522,'Delta','Beagle','Medium','Young','Female','Moderate','Moderate Grooming','El Paso','https://dbw3zep4prcju.cloudfront.net/animal/bf7015c1-ed6c-434c-9973-4358f71ef45d/image/3b1d7a33-df90-45fc-ac0a-989f36fb5cea.jpg?versionId=vomcAeu_VFXTMOTB7nUaPbnEglpHvmpW&bust=1740353285','Unknown',1,1,NULL,'No',NULL),(75299531,'Ginger','Chihuahua','Small','Adult','Female','Moderate','Moderate Grooming','Canal Winchester','https://dbw3zep4prcju.cloudfront.net/animal/89e30a85-a5a5-4e80-8d9a-1137c088e1be/image/55c4c72b-2471-4e6e-bb9a-0a4617e6d9a0.jpg?versionId=EE6Pv6jJ_zB1aFmzWG9advhBjb9kBtoI&bust=1740353407','Unknown',1,1,NULL,'Yes',NULL),(75299537,'HAZEL','Mixed Breed','Medium','Adult','Female','Moderate','Moderate Grooming','Pegram','https://dbw3zep4prcju.cloudfront.net/animal/1851f4ce-33c5-4f0a-ae52-75648a960194/image/7af481ea-a0a7-4684-8a1b-38812c2164db.jpg?versionId=sOJ6ZQpgMzMIaFzJmvqdn424_FqpppMy&bust=1740353783','Short',NULL,NULL,NULL,'No',NULL),(75299538,'Jiji','Terrier','Small','Baby','Male','Moderate','Moderate Grooming','Clinton','https://dbw3zep4prcju.cloudfront.net/animal/014b66dd-e557-4949-a2b6-0ded23653a7b/image/fee6eef9-a28d-467e-a888-fab4d91b6cff.jpeg?versionId=UWd4lBIjYETHmRopxr2tMSrUEbDpQSXp&bust=1740353430','Short',NULL,1,NULL,'No',NULL),(75299544,'Jiji','Terrier','Small','Baby','Male','Moderate','Moderate Grooming','Rutland','https://dbw3zep4prcju.cloudfront.net/animal/9c650dcf-e5a1-4fa0-96b4-5b58fd6280e2/image/9684aaab-7854-4907-a618-35d9be3909c8.jpeg?versionId=f9VyNEh22dlz5Ih_HvQWJI8IeAfgPqDU&bust=1740353477','Short',NULL,1,NULL,'No',NULL),(75299545,'Tink','Mixed Breed','Medium','Baby','Female','Moderate','Moderate Grooming','Warwick ','https://dbw3zep4prcju.cloudfront.net/animal/b756bbbc-ebda-4ae1-9143-bebdbcf9efd6/image/2627ad6d-eda5-4f65-a429-d4cd1f1393c1.jpeg?versionId=in14xNh6Ahme6Z77yWr11asNCq0Clwsa&bust=1740353478','Wire',1,1,1,'No',NULL),(75299549,'Lawrence','Australian Shepherd','Small','Baby','Male','Moderate','Moderate Grooming','Madison','https://dl5zpyw5k3jeb.cloudfront.net/photos/pets/75299549/1/?bust=1740353613','Unknown',NULL,NULL,NULL,'No',NULL),(75299550,'Lacie','Australian Shepherd','Small','Baby','Female','Moderate','Moderate Grooming','Madison','https://dl5zpyw5k3jeb.cloudfront.net/photos/pets/75299550/1/?bust=1740353609','Unknown',NULL,NULL,NULL,'No',NULL),(75299551,'Lucy','Australian Shepherd','Small','Baby','Female','Moderate','Moderate Grooming','Madison','https://dl5zpyw5k3jeb.cloudfront.net/photos/pets/75299551/1/?bust=1740353610','Unknown',NULL,NULL,NULL,'No',NULL),(75299552,'Lucky','Australian Shepherd','Small','Baby','Male','Moderate','Moderate Grooming','Madison','https://dl5zpyw5k3jeb.cloudfront.net/photos/pets/75299552/1/?bust=1740353612','Unknown',NULL,NULL,NULL,'No',NULL),(75299554,'Logan','Australian Shepherd','Small','Baby','Male','Moderate','Moderate Grooming','Madison','https://dl5zpyw5k3jeb.cloudfront.net/photos/pets/75299554/1/?bust=1740353615','Unknown',NULL,NULL,NULL,'No',NULL),(75299555,'Liam','Australian Shepherd','Small','Baby','Male','Moderate','Moderate Grooming','Madison','https://dl5zpyw5k3jeb.cloudfront.net/photos/pets/75299555/1/?bust=1740353622','Unknown',NULL,NULL,NULL,'No',NULL),(75299561,'Ary','Australian Shepherd','Medium','Baby','Female','Moderate','Moderate Grooming','El Paso','https://dbw3zep4prcju.cloudfront.net/animal/e3e71a0e-9b7b-4d0c-a9a4-7ae9d58b7a2e/image/0d9ddf4d-3705-40d0-8181-96ae281e9ab8.jpg?versionId=D0L8qpKcRQ5yToKep7ueLP6w4411sl3w&bust=1740353600','Unknown',1,1,NULL,'No',NULL),(75299583,'Woody','Beagle','Medium','Young','Male','Moderate','Moderate Grooming','Conway','https://dbw3zep4prcju.cloudfront.net/animal/e264b4ab-d701-44d3-be3b-6744ac07969c/image/ea782c9a-d3c5-43fd-869d-8c6c5795954a.jpeg?versionId=RiEKq4oWVfw2thFop426b8pMmfjxFZc.&bust=1740353706','Unknown',1,1,NULL,'Yes',NULL),(75299586,'Minnie','Great Dane','Large','Young','Female','Moderate','Moderate Grooming','San Antonio','https://dbw3zep4prcju.cloudfront.net/animal/850503ac-6872-43d5-8bf1-d3bd5a5687cb/image/da5c436d-fee9-481f-a3ef-beabed2d4143.jpg?versionId=iLHPXvvCTS2OAV6cmHMilSpdwEMGXnXA&bust=1740353775','Short',1,1,NULL,'Yes',NULL),(75299587,'Piper','Great Pyrenees','Medium','Baby','Female','Moderate','Moderate Grooming','Boerne','https://dbw3zep4prcju.cloudfront.net/animal/6f757d41-c117-449f-82c9-a2807d011c1a/image/65225857-8edc-494e-b1f5-2c148f8475ec.jpg?versionId=zGw38tLFjSpcY0AVXFCZ5HelnOjEOsae&bust=1740353908','Short',1,1,1,'No',NULL);
/*!40000 ALTER TABLE `pets` ENABLE KEYS */;
UNLOCK TABLES;

--
-- Table structure for table `questions`
--

DROP TABLE IF EXISTS `questions`;
/*!40101 SET @saved_cs_client     = @@character_set_client */;
/*!50503 SET character_set_client = utf8mb4 */;
CREATE TABLE `questions` (
  `id` int NOT NULL AUTO_INCREMENT,
  `text` varchar(500) NOT NULL,
  `category` varchar(100) NOT NULL,
  PRIMARY KEY (`id`)
) ENGINE=InnoDB AUTO_INCREMENT=22 DEFAULT CHARSET=utf8mb4 COLLATE=utf8mb4_0900_ai_ci;
/*!40101 SET character_set_client = @saved_cs_client */;

--
-- Dumping data for table `questions`
--

LOCK TABLES `questions` WRITE;
/*!40000 ALTER TABLE `questions` DISABLE KEYS */;
INSERT INTO `questions` VALUES (1,'What size of dog do you prefer?','size'),(2,'How much energy do you want your pet to have?','energy'),(3,'How much grooming maintenance can you handle?','grooming_maintenance'),(4,'How much shedding can you tolerate?','grooming_maintenance'),(5,'How much time do you have for pet exercise?','energy'),(6,'Do you live in an apartment or a house?','size'),(7,'Do you have other dogs?','temperament'),(8,'Do you have any cats?','temperament'),(9,'Do you have children?','temperament'),(10,'Are you willing to house train your pet? or prefer it beign trained already?','temperament');
/*!40000 ALTER TABLE `questions` ENABLE KEYS */;
UNLOCK TABLES;

--
-- Table structure for table `quiz_results`
--

DROP TABLE IF EXISTS `quiz_results`;
/*!40101 SET @saved_cs_client     = @@character_set_client */;
/*!50503 SET character_set_client = utf8mb4 */;
CREATE TABLE `quiz_results` (
  `id` int NOT NULL AUTO_INCREMENT,
  `user_uuid` varchar(255) NOT NULL,
  `user_name` varchar(255) DEFAULT NULL,
  `answers` json NOT NULL,
  `created_at` timestamp NULL DEFAULT CURRENT_TIMESTAMP,
  PRIMARY KEY (`id`)
) ENGINE=InnoDB AUTO_INCREMENT=2 DEFAULT CHARSET=utf8mb4 COLLATE=utf8mb4_0900_ai_ci;
/*!40101 SET character_set_client = @saved_cs_client */;

--
-- Dumping data for table `quiz_results`
--

LOCK TABLES `quiz_results` WRITE;
/*!40000 ALTER TABLE `quiz_results` DISABLE KEYS */;
INSERT INTO `quiz_results` VALUES (1,'12345abc','Daniel','{\"size\": \"Medium\", \"energy\": \"High\", \"grooming\": \"Moderate\"}','2025-02-17 16:17:47');
/*!40000 ALTER TABLE `quiz_results` ENABLE KEYS */;
UNLOCK TABLES;

--
-- Table structure for table `quizresponses`
--

DROP TABLE IF EXISTS `quizresponses`;
/*!40101 SET @saved_cs_client     = @@character_set_client */;
/*!50503 SET character_set_client = utf8mb4 */;
CREATE TABLE `quizresponses` (
  `id` bigint unsigned NOT NULL AUTO_INCREMENT,
  `user_id` bigint unsigned NOT NULL,
  `size` varchar(50) DEFAULT NULL,
  `energy_level` varchar(50) DEFAULT NULL,
  `grooming_needs` varchar(50) DEFAULT NULL,
  `shedding` varchar(50) DEFAULT NULL,
  `recommended_energy_level` varchar(50) DEFAULT NULL,
  `recommended_size` varchar(50) DEFAULT NULL,
  `good_with_dogs` tinyint(1) DEFAULT NULL,
  `good_with_cats` tinyint(1) DEFAULT NULL,
  `good_with_kids` tinyint(1) DEFAULT NULL,
  `training_needs` tinyint(1) DEFAULT NULL,
  `submitted_at` timestamp NULL DEFAULT CURRENT_TIMESTAMP,
  PRIMARY KEY (`id`),
  UNIQUE KEY `id` (`id`),
  KEY `user_id` (`user_id`),
  CONSTRAINT `quizresponses_ibfk_1` FOREIGN KEY (`user_id`) REFERENCES `users` (`id`) ON DELETE CASCADE
) ENGINE=InnoDB AUTO_INCREMENT=26 DEFAULT CHARSET=utf8mb4 COLLATE=utf8mb4_0900_ai_ci;
/*!40101 SET character_set_client = @saved_cs_client */;

--
-- Dumping data for table `quizresponses`
--

LOCK TABLES `quizresponses` WRITE;
/*!40000 ALTER TABLE `quizresponses` DISABLE KEYS */;
INSERT INTO `quizresponses` VALUES (1,31,NULL,NULL,NULL,NULL,NULL,NULL,0,0,0,0,'2025-02-24 19:39:45'),(2,32,NULL,NULL,NULL,NULL,NULL,NULL,0,0,0,0,'2025-02-24 20:06:32'),(3,33,NULL,NULL,NULL,NULL,NULL,NULL,0,0,0,0,'2025-02-24 20:31:12'),(4,34,NULL,NULL,NULL,NULL,NULL,NULL,0,0,0,0,'2025-02-24 20:40:19'),(5,35,NULL,NULL,NULL,NULL,NULL,NULL,0,0,0,0,'2025-02-24 21:04:29'),(6,36,'8','2','16','55','22','39',1,1,1,1,'2025-02-24 21:23:56'),(7,37,NULL,NULL,NULL,NULL,NULL,NULL,0,0,0,0,'2025-02-24 21:39:30'),(8,38,NULL,NULL,NULL,NULL,NULL,NULL,0,0,0,0,'2025-02-25 00:56:02'),(9,39,NULL,NULL,'1',NULL,NULL,NULL,0,0,0,0,'2025-02-25 02:16:24'),(10,40,NULL,NULL,'1',NULL,NULL,NULL,0,0,0,0,'2025-02-25 02:29:16'),(11,41,NULL,NULL,'1',NULL,NULL,NULL,0,0,0,0,'2025-02-25 06:06:01'),(12,42,'8','2','16','55','22','39',1,1,1,1,'2025-02-25 15:02:10'),(13,43,'8','2','15','55','22','40',1,1,1,1,'2025-02-25 15:05:03'),(14,44,'8','2','15','55','22','38',1,1,1,1,'2025-02-25 15:07:55'),(15,45,NULL,NULL,NULL,NULL,NULL,NULL,0,0,0,0,'2025-02-25 15:10:54'),(16,46,'Moderate grooming (brushing weekly)','Medium (20-50 lbs)','1-2 hours per day','Maybe, I prefer a partially trained pet','Medium Energy (Loves walks, but also naps)','Moderate shedding (some brushing required)',1,1,1,1,'2025-02-25 15:11:26'),(17,47,'Medium (20-50 lbs)','Medium Energy (Loves walks, but also naps)','Moderate grooming (brushing weekly)','Moderate shedding (some brushing required)','1-2 hours per day','Big Condo or Small House with a small yard',1,1,1,1,'2025-02-25 15:26:40'),(18,48,NULL,NULL,NULL,NULL,NULL,NULL,0,0,0,0,'2025-02-25 15:42:43'),(19,12,'medium','medium','moderate','moderate','medium','medium',1,1,1,1,'2025-02-25 16:01:15'),(20,49,'medium','medium','Moderate Grooming','Moderate Grooming','medium','medium',1,1,1,1,'2025-02-25 16:15:31'),(21,50,'medium','medium','Moderate Grooming','Moderate Grooming','medium','medium',1,1,1,1,'2025-02-25 16:39:05'),(22,51,'medium','medium','Moderate Grooming','Moderate Grooming','medium','medium',1,1,1,1,'2025-02-25 17:39:44'),(23,52,'medium','medium','Moderate Grooming','Moderate Grooming','medium','medium',1,1,1,1,'2025-02-25 17:57:43'),(24,53,'medium','medium','Moderate Grooming','Moderate Grooming','medium','medium',1,1,1,1,'2025-02-25 19:39:17'),(25,54,'small','medium','Moderate Grooming','Moderate Grooming','medium','medium',1,1,1,1,'2025-02-25 19:52:02');
/*!40000 ALTER TABLE `quizresponses` ENABLE KEYS */;
UNLOCK TABLES;

--
-- Table structure for table `users`
--

DROP TABLE IF EXISTS `users`;
/*!40101 SET @saved_cs_client     = @@character_set_client */;
/*!50503 SET character_set_client = utf8mb4 */;
CREATE TABLE `users` (
  `id` bigint unsigned NOT NULL AUTO_INCREMENT,
  `name` varchar(100) DEFAULT NULL,
  `email` varchar(255) DEFAULT NULL,
  `created_at` timestamp NULL DEFAULT CURRENT_TIMESTAMP,
  PRIMARY KEY (`id`),
  UNIQUE KEY `id` (`id`),
  UNIQUE KEY `email` (`email`)
) ENGINE=InnoDB AUTO_INCREMENT=55 DEFAULT CHARSET=utf8mb4 COLLATE=utf8mb4_0900_ai_ci;
/*!40101 SET character_set_client = @saved_cs_client */;

--
-- Dumping data for table `users`
--

LOCK TABLES `users` WRITE;
/*!40000 ALTER TABLE `users` DISABLE KEYS */;
INSERT INTO `users` VALUES (1,'John Doe','johndoe@example.com','2025-02-20 23:07:27'),(2,'Daniela DeBacker','random@gmail.com','2025-02-21 17:40:51'),(3,'dan','dan@gmail.com','2025-02-21 18:54:57'),(4,'dani','blvyckfckf@gmail.com','2025-02-21 19:24:28'),(5,'client1','client@gmail.com','2025-02-21 20:46:28'),(6,'user12','user12@gmail.com','2025-02-21 23:16:15'),(7,'user7','user7@gmail.com','2025-02-21 23:49:56'),(8,'user6','user6@gmail.com','2025-02-21 23:51:56'),(9,'user20','user20@gmail.com','2025-02-22 00:15:44'),(10,'user8','user8@gmail.com','2025-02-22 00:27:05'),(11,'user9','user9@gmail.com','2025-02-22 00:31:32'),(12,'user11','user11@gmail.com','2025-02-22 00:49:54'),(13,'user23','user23@gmail.com','2025-02-23 18:26:47'),(14,'user25','user25@gmail.com','2025-02-23 19:25:35'),(15,'user641','user641@gmail.com','2025-02-23 23:43:36'),(16,'user100','usrr100@gmail.com','2025-02-23 23:45:34'),(17,'user649','user649@gmail.com','2025-02-23 23:50:25'),(18,'userrr','userrr@gmail.com','2025-02-23 23:51:09'),(19,'user659','user659@gmail.com','2025-02-24 00:00:05'),(20,'user702','user702@gmail.com','2025-02-24 00:02:55'),(21,'user723','user723@gmail.com','2025-02-24 00:23:36'),(22,'user724','user724@gmail.com','2025-02-24 00:24:44'),(23,'user735','user735@gmail.com','2025-02-24 00:35:26'),(24,'user811','user811@gmail.com','2025-02-24 01:12:06'),(25,'user813','user813@gmail.com','2025-02-24 01:13:34'),(26,'user1022','user1022@gmail.com','2025-02-24 03:23:11'),(27,'user1130','user1130@gmail.com','2025-02-24 16:30:33'),(28,'user1141','user1141@gmail.com','2025-02-24 16:41:40'),(29,'user1206','user1206@gmail.com','2025-02-24 17:06:58'),(30,'user227','user227@gmail.com','2025-02-24 19:27:33'),(31,'user234','user234@gmail.com','2025-02-24 19:34:55'),(32,'user306','user306@gmail.com','2025-02-24 20:06:32'),(33,'user330','user330@gmail.com','2025-02-24 20:31:12'),(34,'user339','user339@gmail.com','2025-02-24 20:40:19'),(35,'user404','user404@gmail.com','2025-02-24 21:04:29'),(36,'user423','user423@gmial.com','2025-02-24 21:23:55'),(37,'user439','user439@gmail.com','2025-02-24 21:39:30'),(38,'user755','use755@gmail.com','2025-02-25 00:56:02'),(39,'user915','user915@gmail.com','2025-02-25 02:16:23'),(40,'user928','user928@gmail.com','2025-02-25 02:29:16'),(41,'user105','user105@gmail.com','2025-02-25 06:06:01'),(42,'user9338','jddhh@gmail.com','2025-02-25 15:02:10'),(43,'user783hy3h','userutofueh@gmail.com','2025-02-25 15:05:03'),(44,'user64674','user74@gmail.com','2025-02-25 15:07:55'),(45,'use8557','usernfif@gmail.com','2025-02-25 15:10:54'),(46,'userr73','use3345r@gmail.com','2025-02-25 15:11:26'),(47,'userhfhfh','userhh@gmail.com','2025-02-25 15:26:40'),(48,'user2727','user838@gmail.com','2025-02-25 15:42:42'),(49,'userhhh','userjjj@gmail.com','2025-02-25 16:15:31'),(50,'user1138','user3h3@gmail.com','2025-02-25 16:39:05'),(51,'userddj','userddj@gmail.com','2025-02-25 17:39:44'),(52,'danitest','danitest@gmail.com','2025-02-25 17:57:43'),(53,'user238!','user238!@gmail.com','2025-02-25 19:39:17'),(54,'lasttest','lasttest@gmail.com','2025-02-25 19:52:02');
/*!40000 ALTER TABLE `users` ENABLE KEYS */;
UNLOCK TABLES;
/*!40103 SET TIME_ZONE=@OLD_TIME_ZONE */;

/*!40101 SET SQL_MODE=@OLD_SQL_MODE */;
/*!40014 SET FOREIGN_KEY_CHECKS=@OLD_FOREIGN_KEY_CHECKS */;
/*!40014 SET UNIQUE_CHECKS=@OLD_UNIQUE_CHECKS */;
/*!40101 SET CHARACTER_SET_CLIENT=@OLD_CHARACTER_SET_CLIENT */;
/*!40101 SET CHARACTER_SET_RESULTS=@OLD_CHARACTER_SET_RESULTS */;
/*!40101 SET COLLATION_CONNECTION=@OLD_COLLATION_CONNECTION */;
/*!40111 SET SQL_NOTES=@OLD_SQL_NOTES */;

-- Dump completed on 2025-02-25 15:40:24
